"https://youdescribe.org/video/adzYW5DZoWs?ad=5cc6615b56b7f3071f306162,adzYW5DZoWs,available,5cc6615b56b7f3071f306163,Entertainment,124.0,5be84e71adab15594f5695b8,5cc6615b56b7f3071f306162,published,en-ca,[5],5cc7119656b7f3071f306168,adzYW5DZoWs_5cc7119656b7f3071f306168.wav,/current/adzYW5DZoWs,inline,21.520443,24.251109666666668,2.731,she pulls her lightsaber handle from her belt.,__label__eng_Latn,True"
"https://youdescribe.org/video/adzYW5DZoWs?ad=5cc6615b56b7f3071f306162,adzYW5DZoWs,available,5cc6615b56b7f3071f306163,Entertainment,124.0,5be84e71adab15594f5695b8,5cc6615b56b7f3071f306162,published,en-ca,[5],5cc711b556b7f3071f306169,adzYW5DZoWs_5cc711b556b7f3071f306169.wav,/current/adzYW5DZoWs,inline,29.214211,33.310210999999995,4.096,""A vehicle appears on the horizon, flashing in the sun as it flies towards her."",__label__eng_Latn,True"
"https://youdescribe.org/video/adzYW5DZoWs?ad=5cc6615b56b7f3071f306162,adzYW5DZoWs,available,5cc6615b56b7f3071f306163,Entertainment,124.0,5be84e71adab15594f5695b8,5cc6615b56b7f3071f306162,published,en-ca,[5],5cc7120b56b7f3071f30616b,adzYW5DZoWs_5cc7120b56b7f3071f30616b.wav,/current/adzYW5DZoWs,inline,48.076059,53.36672566666667,5.291,""A first-order Thai interceptor is flying low over the sand, raising clouds of dust in its wake."",__label__eng_Latn,True"
"https://youdescribe.org/video/adzYW5DZoWs?ad=5cc6615b56b7f3071f306162,adzYW5DZoWs,available,5cc6615b56b7f3071f306163,Entertainment,124.0,5be84e71adab15594f5695b8,5cc6615b56b7f3071f306162,published,en-ca,[5],5cc7122a56b7f3071f30616c,adzYW5DZoWs_5cc7122a56b7f3071f30616c.wav,/current/adzYW5DZoWs,inline,54.766035,58.94736833333334,4.181,Ray activates her lightsaber and spins down to a crouch facing away from the vehicle.,__label__eng_Latn,True"
"https://youdescribe.org/video/adzYW5DZoWs?ad=5cc6615b56b7f3071f306162,adzYW5DZoWs,available,5cc6615b56b7f3071f306163,Entertainment,124.0,5be84e71adab15594f5695b8,5cc6615b56b7f3071f306162,published,en-ca,[5],5cc712be1dcc0c08bd68b311,adzYW5DZoWs_5cc712be1dcc0c08bd68b311.wav,/current/adzYW5DZoWs,inline,67.315531,72.52086433333332,5.205,""Just before it would hit her, she leaps into the air, kicking her legs over her head, and does an aerial cartwheel above it."",__label__eng_Latn,True"
"https://youdescribe.org/video/adzYW5DZoWs?ad=5cc6615b56b7f3071f306162,adzYW5DZoWs,available,5cc6615b56b7f3071f306163,Entertainment,124.0,5be84e71adab15594f5695b8,5cc6615b56b7f3071f306162,published,en-ca,[5],5cc712e91dcc0c08bd68b312,adzYW5DZoWs_5cc712e91dcc0c08bd68b312.wav,/current/adzYW5DZoWs,inline,72.631065,74.59373166666667,1.963,Text this Christmas.,__label__eng_Latn,True"
"https://youdescribe.org/video/adzYW5DZoWs?ad=5cc6615b56b7f3071f306162,adzYW5DZoWs,available,5cc6615b56b7f3071f306163,Entertainment,124.0,5be84e71adab15594f5695b8,5cc6615b56b7f3071f306162,published,en-ca,[5],5cc713381dcc0c08bd68b314,adzYW5DZoWs_5cc713381dcc0c08bd68b314.wav,/current/adzYW5DZoWs,inline,74.73373958333333,79.00040625,4.267,""In a forest, Kylo Ren uses his red lightsaber to take down a rebel fighter."",__label__eng_Latn,True"
"https://youdescribe.org/video/adzYW5DZoWs?ad=5cc6615b56b7f3071f306162,adzYW5DZoWs,available,5cc6615b56b7f3071f306163,Entertainment,124.0,5be84e71adab15594f5695b8,5cc6615b56b7f3071f306162,published,en-ca,[5],5cc7139056b7f3071f30616e,adzYW5DZoWs_5cc7139056b7f3071f30616e.wav,/current/adzYW5DZoWs,inline,79.334131,81.97946433333334,2.645,Sparks fly as a black helmet is repaired.,__label__eng_Latn,True"
"https://youdescribe.org/video/adzYW5DZoWs?ad=5cc6615b56b7f3071f306162,adzYW5DZoWs,available,5cc6615b56b7f3071f306163,Entertainment,124.0,5be84e71adab15594f5695b8,5cc6615b56b7f3071f306162,published,en-ca,[5],5cc7140156b7f3071f30616f,adzYW5DZoWs_5cc7140156b7f3071f30616f.wav,/current/adzYW5DZoWs,inline,87.887692,90.53302533333334,2.645,""Text, the Sega comes to an end."",__label__eng_Latn,True"
"https://youdescribe.org/video/adzYW5DZoWs?ad=5cc6615b56b7f3071f306162,adzYW5DZoWs,available,5cc6615b56b7f3071f306163,Entertainment,124.0,5be84e71adab15594f5695b8,5cc6615b56b7f3071f306162,published,en-ca,[5],5cc714711dcc0c08bd68b317,adzYW5DZoWs_5cc714711dcc0c08bd68b317.wav,/current/adzYW5DZoWs,inline,90.68284,94.77884,4.096,""Flying a sanskiff at high speeds, three CPO Fin and Po dodge explosions."",__label__eng_Latn,True"
"https://youdescribe.org/video/adzYW5DZoWs?ad=5cc6615b56b7f3071f306162,adzYW5DZoWs,available,5cc6615b56b7f3071f306163,Entertainment,124.0,5be84e71adab15594f5695b8,5cc6615b56b7f3071f306162,published,en-ca,[5],5cc7154356b7f3071f306172,adzYW5DZoWs_5cc7154356b7f3071f306172.wav,/current/adzYW5DZoWs,inline,94.88429166666668,96.84695833333332,1.963,Senator Organa hugs Ray.,__label__eng_Latn,True"
"https://youdescribe.org/video/adzYW5DZoWs?ad=5cc6615b56b7f3071f306162,adzYW5DZoWs,available,5cc6615b56b7f3071f306163,Entertainment,124.0,5be84e71adab15594f5695b8,5cc6615b56b7f3071f306162,published,en-ca,[5],5cc7156c56b7f3071f306173,adzYW5DZoWs_5cc7156c56b7f3071f306173.wav,/current/adzYW5DZoWs,inline,97.984766,101.73943266666666,3.755,Ray and her companions stare out over the wreckage of a crashed Death Star.,__label__eng_Latn,True"
"https://youdescribe.org/video/adzYW5DZoWs?ad=5cc6615b56b7f3071f306162,adzYW5DZoWs,available,5cc6615b56b7f3071f306163,Entertainment,124.0,5be84e71adab15594f5695b8,5cc6615b56b7f3071f306162,published,en-ca,[5],5cc7172756b7f3071f306176,adzYW5DZoWs_5cc7172756b7f3071f306176.wav,/current/adzYW5DZoWs,inline,59.245343,63.51200966666666,4.267,Gloved hands push forward on controls. Rait glances behind her and starts to sprint.,__label__eng_Latn,True"
"https://youdescribe.org/video/adzYW5DZoWs?ad=5cc6615b56b7f3071f306162,adzYW5DZoWs,available,5cc6615b56b7f3071f306163,Entertainment,124.0,5be84e71adab15594f5695b8,5cc6615b56b7f3071f306162,published,en-ca,[5],5cc7182656b7f3071f306177,adzYW5DZoWs_5cc7182656b7f3071f306177.wav,/current/adzYW5DZoWs,inline,2.483413,5.982079666666667,3.499,A silver logo is illuminated. Lucasfilm Ltd.,__label__eng_Latn,True"
"https://youdescribe.org/video/adzYW5DZoWs?ad=5cc6615b56b7f3071f306162,adzYW5DZoWs,available,5cc6615b56b7f3071f306163,Entertainment,124.0,5be84e71adab15594f5695b8,5cc6615b56b7f3071f306162,published,en-ca,[5],5cc718751dcc0c08bd68b31e,adzYW5DZoWs_5cc718751dcc0c08bd68b31e.wav,/current/adzYW5DZoWs,inline,35.626321,38.86898766666666,3.243,""Text on screen, every generation has a legend."",__label__eng_Latn,True"
"https://youdescribe.org/video/adzYW5DZoWs?ad=5cc6615b56b7f3071f306162,adzYW5DZoWs,available,5cc6615b56b7f3071f306163,Entertainment,124.0,5be84e71adab15594f5695b8,5cc6615b56b7f3071f306162,published,en-ca,[5],5cc718bd56b7f3071f306178,adzYW5DZoWs_5cc718bd56b7f3071f306178.wav,/current/adzYW5DZoWs,inline,64.73038541666666,66.52238541666667,1.792,The TIE Interceptor gains on her.,__label__eng_Latn,True"
"https://youdescribe.org/video/adzYW5DZoWs?ad=5cc6615b56b7f3071f306162,adzYW5DZoWs,available,5cc6615b56b7f3071f306163,Entertainment,124.0,5be84e71adab15594f5695b8,5cc6615b56b7f3071f306162,published,en-ca,[5],5cc7194356b7f3071f306179,adzYW5DZoWs_5cc7194356b7f3071f306179.wav,/current/adzYW5DZoWs,inline,112.669068,118.557068,5.888,""Over a night sky full of stars in blue outline, Star Wars, the Rise of Skywalker."",__label__eng_Latn,True"
"https://youdescribe.org/video/adzYW5DZoWs?ad=5cc6615b56b7f3071f306162,adzYW5DZoWs,available,5cc6615b56b7f3071f306163,Entertainment,124.0,5be84e71adab15594f5695b8,5cc6615b56b7f3071f306162,published,en-ca,[5],5cc861b356b7f3071f30619f,adzYW5DZoWs_5cc861b356b7f3071f30619f.wav,/current/adzYW5DZoWs,inline,10.654380208333334,15.347713541666668,4.693,""Ray stands alone in the middle of a sandy desert, staring into the distance."",__label__eng_Latn,True"
"https://youdescribe.org/video/adzYW5DZoWs?ad=5cc6615b56b7f3071f306162,adzYW5DZoWs,available,5cc6615b56b7f3071f306163,Entertainment,124.0,5be84e71adab15594f5695b8,5cc6615b56b7f3071f306162,published,en-ca,[5],5cc8629256b7f3071f3061a1,adzYW5DZoWs_5cc8629256b7f3071f3061a1.wav,/current/adzYW5DZoWs,inline,82.070701,86.84936766666667,4.779,Chewbacca and Lando hurdle through space in the Millennium Falcon. They enter hyperspace.,__label__eng_Latn,True"